<?xml version="1.0" encoding="UTF-8"?>
<project-private xmlns="http://www.netbeans.org/ns/project-private/1">
    <editor-bookmarks xmlns="http://www.netbeans.org/ns/editor-bookmarks/2" lastBookmarkId="0"/>
    <open-files xmlns="http://www.netbeans.org/ns/projectui-open-files/2">
        <group>
            <file>file:/C:/Users/ecc/Documents/NetBeansProjects/clown/src/World/Clown_world.java</file>
            <file>file:/C:/Users/ecc/Documents/NetBeansProjects/clown/src/Objects/clown_object.java</file>
            <file>file:/C:/Users/ecc/Documents/NetBeansProjects/clown/src/Objects/ObjectFactory.java</file>
            <file>file:/C:/Users/ecc/Documents/NetBeansProjects/clown/src/clown/Clown.java</file>
            <file>file:/C:/Users/ecc/Documents/NetBeansProjects/clown/src/Objects/Plate_object.java</file>
            <file>file:/C:/Users/ecc/Documents/NetBeansProjects/clown/src/Objects/ImageObject.java</file>
        </group>
    </open-files>
</project-private>
